Goods Barcode,Goods Name
840168719129,Trunk No Battery - MNVYV1
840168718993,Medium 2.0 No Battery - MTANGV1
840168719112,Trunk No Battery - MBLKV1
840168719143,Trunk No Battery - MOLVGV1
840168719167,Trunk No Battery - LGRYV1
840168719150,Trunk No Battery - GLBNV1
840168720743,Trunk No Battery - CPNKV1
840168719198,Trunk No Battery - MTANGV1
840168717613,Nylon Weekender - SLTV1Large
840168714841,Polyester Quilted Everywhere Bag - DGRNV1Standard
840168720446,Polycarbonate Large Flex No Battery - LGRYV1
840168719136,Trunk No Battery - MMBLUV1
840168719174,Trunk No Battery - LGRNV1
840168720828,Nylon Softside Carry-On No - CPNKV1
840168720866,Nylon Softside Medium No - CPNKV1
840168720811,Nylon Softside Carry-On No - LGRYV1
840168720781,Nylon Softside Bigger Carry-On No - CPNKV1
840168720736,Trunk No Battery - TREDV1
840168720903,Nylon Softside Large No - CPNKV1
840168720859,Nylon Softside Medium No - LGRYV1
840168714001,Nylon Garment Sleeve - BLKV2Large
840168700301,Nylon Shoe Cubes - BLKV1Small
840168720422,Polycarbonate Medium Flex No Battery - GLBNV1
840168711031,Polyester Outdoor Duffle 55L - VBLUV1Standard
840168711703,Polyester Outdoor Duffle 70L - CVNV1Standard
840168710140,Nylon Packable Sling Bag - BLKV1Standard
840168715190,Nylon Everywhere Bag Charm - BNV1Micro
840168715206,Nylon Everywhere Bag Charm - BLKV1Micro
840168711024,Polyester Outdoor Duffle 55L - OWHTV1Standard
840168720897,Nylon Softside Large No - LGRYV1
840168718702,PC Flex LRG No Battery - GLBNV1
840168721269,Zip Backpack - CPNKV1Standard
840168720156,Polyester Outdoor Backpack 26L - GRNV126L
840168716388,PC 2.0 Compression pad - TRUNK - NVYV1TRUNK
840168720798,Nylon Softside Carry-On No - BLKV1
840168719938,Polyester Rolling Duffle - GRNV1
840168719945,Polyester Rolling Duffle - NVYV1
840168719921,Polyester Rolling Duffle - BLKV1
840168712502,Zip Backpack - NVY-NYLV3Standard
840168717668,Nylon Everywhere Tote - SLTV1Standard
840168721481,Nylon Softside Carry-On No - NVYV1
840168721290,Nylon Everywhere Bag - LGRNV1Standard
840168718955,Medium 2.0 No Battery - GLBNV1
840168719051,Large 2.0 No Battery - GLBNV1
840168722150,Polycarbonate Mini Crossbody - OLVGV1Standard
840168722112,Polycarbonate Mini Crossbody - LGRNV1Standard
840168722136,Polycarbonate Mini Crossbody - MBLUV1Standard
840168718696,PC Flex LRG No Battery - MTANGV1
840168716432,PC 2.0 Laundry Bag - LRG - NVYV1LRG
840168721016,Polyester Featherlight Large Crossbody - SLTV1Large
840168721030,Polyester Featherlight Super Large Tote - SLTV1Large
840168715183,Nylon Everywhere Bag Charm - MNTV1Micro
840168712236,Polyester Canvas Palomo Sling - PLMOV1Standard
840168711833,Nylon Packable Sling Bag - TEALV1Standard
840168712588,The Luggage Tag - PTLV1Standard
840168714353,Pet Bed Insert - Standard
840168711215,Polyester Outdoor Tote 45L - GRNV1Standard
840168714964,Polyester Quilted Everywhere Zip Backpack - BLKV1Standard
840168708765,37.5 Knit The Eye Mask - MBLUV1Standard
840168708857,Kit - Zipper Puller Repair - STDStandardStandard
840168721146,Polyester Featherlight Small Crossbody - ABWNV1Small
840168721122,Polyester Featherlight Small Backpack - ABWNV1Small
840168700318,Nylon Shoe Cubes - MBLUV1Small
840168708741,37.5 Knit The Eye Mask - BLKV1Standard
840168713158,Nylon Everywhere Sling - BLKV1Standard
840168708970,Recyctex Packable Sling Bag - RORV1Standard
840168713653,PC Flex DIY Kit Trolley System - BLKV1MED
810031479405,Kit - Trolley - STDStandardPC - LRG
840168717491,Zip Backpack - SLTV3Standard
840168722105,Polycarbonate Mini Crossbody - CPNKV1Standard
840168720170,Polyester Outdoor Duffle 40L - GRNV1Standard
840168710126,Nylon Packable Sling Bag - NVYV1Standard
810031476374,Part - PC Compression Pad - STDStandardLRG
840168722242,Polycarbonate Front Pocket Carry-On - BLKV1
840168717637,Hanging Toiletry Bag - SLTV1Standard
840168721214,Nylon Cosmetics Bag - CPNKV1Standard
810031470440,ALM CAR No Battery - ONYXV1
810031470495,ALM LRG No Battery - ONYXV1
840168721207,Polyester Featherlight Super Large Tote - ABLUV1Large
810194036453,ALM CAR No Battery - ROSEGLDV1
840168722181,Polycarbonate Mini Crossbody - TREDV1Standard
840168722129,Polycarbonate Mini Crossbody - LGRYV1Standard
840168722099,Polycarbonate Mini Crossbody - BLKV1Standard
840168720231,Polycarbonate Carry-On Flex No Battery - MBLKV1
840168713172,Nylon Everywhere Sling - MBLUV1Standard
840168721276,Nylon Everywhere Tote - CPNKV1Standard
840168713745,Nylon Everywhere Tote - BLKV1Standard
840168709052,Nylon Cosmetics Bag - BLKNYLV1Standard
840168717682,Nylon Cosmetics Bag - SLTV1Standard
840168721047,Polyester Featherlight Super Large Tote - CPNKV1Large
840168720132,Polyester Outdoor Backpack 26L - BLKV126L
840168720163,Polyester Outdoor Duffle 40L - BLKV1Standard
840168714025,PC CAR 2.0 - MMBLUV1
840168716166,PC 2.0 Compression pad - MED - NVYV1MED
840168721351,Nylon Courtside Everywhere Zip Backpack - SLTV1Standard
840168709106,PC Flex CAR No Battery - NVYV1
840168721504,Nylon Softside Large No - NVYV1
840168720996,Polyester Featherlight Small Crossbody - CPNKV1Small
840168722235,Polycarbonate Front Pocket Bigger Carry-On - OLVGV1
840168722273,Polycarbonate Front Pocket Carry-On - NVYV1
840168722198,Polycarbonate Front Pocket Bigger Carry-On - BLKV1
840168722266,Polycarbonate Front Pocket Carry-On - MBLUV1
840168720255,Polycarbonate Carry-On Flex No Battery - MNVYV1
840168722228,Polycarbonate Front Pocket Bigger Carry-On - NVYV1
840168722211,Polycarbonate Front Pocket Bigger Carry-On - MBLUV1
840168722280,Polycarbonate Front Pocket Carry-On - OLVGV1
840168720774,Nylon Softside Bigger Carry-On No - LGRYV1
840168720651,Polycarbonate Large Flex No Battery - TREDV1
840168722143,Polycarbonate Mini Crossbody - NVYV1Standard
840168721191,Polyester Featherlight Super Large Tote - ABWNV1Large
840168720989,Polyester Featherlight Small Crossbody - SLTV1Small
840168721160,Polyester Featherlight Large Crossbody - ABWNV1Large
840168721177,Polyester Featherlight Large Crossbody - ABLUV1Large
840168721184,Polyester Featherlight Large Crossbody - CPNKV1Large
840168721054,Polyester Featherlight Super Large Tote - BLKV1Large
840168720934,Polyester Featherlight Large Backpack - SLTV1Large
840168720880,Nylon Softside Large No - MBLUV1
840168721474,Nylon Softside Bigger Carry-On No - NVYV1
840168718726,Carry-On 2.0 No Battery - MNVYV1
840168722990,Nylon Double Diaper Tote - CPNKV1Standard
840168723003,Nylon Double Diaper Backpack - BLKV1Standard
840168723034,Nylon Double Diaper Backpack - LGRYV1Standard
840168723010,Nylon Double Diaper Backpack - OLVGV1Standard
840168723027,Nylon Double Diaper Backpack - CPNKV1Standard
840168722983,Nylon Double Diaper Tote - LGRYV1Standard
840168722259,Polycarbonate Front Pocket Carry-On - LGRYV1
840168720767,Nylon Softside Bigger Carry-On No - MBLUV1
840168720804,Nylon Softside Carry-On No - MBLUV1
840168722723,Cotton Transit Canvas Large Tote - NTLV1Standard
840168722716,Cotton Transit Canvas Large Tote - BLKV1Standard
840168722709,Cotton Transit Canvas Weekender - NTLV1Standard
840168723065,Leather Sunglass Case - LGRNV1Standard
840168722907,Polyester Pouch Duo - LGRNV1Standard
840168722204,Polycarbonate Front Pocket Bigger Carry-On - LGRYV1
840168722693,Cotton Transit Canvas Weekender - BLKV1Standard
840168723126,Nylon Everywhere Bag - TANGV1Standard
840168720835,Nylon Softside Medium No - BLKV1
840168720842,Nylon Softside Medium No - MBLUV1
840168721498,Nylon Softside Medium No - NVYV1
840168721870,Pebbled Leather Passport Wallet - CHOV1Standard
840168721559,Nylon Everywhere Tote - LGRNV1Standard
840168721153,Polyester Featherlight Small Crossbody - ABLUV1Small
840168720958,Polyester Featherlight Small Backpack - CPNKV1Small
810031479382,Kit - Trolley - STDStandardPC - NBCO
840168721887,Pebbled Leather Passport Wallet - SLTV1Standard
840168720750,Nylon Softside Bigger Carry-On No - BLKV1
840168720873,Nylon Softside Large No - BLKV1
840168717538,Nylon Everywhere Bag - SLTV2Standard
840168720545,Carry-On 2.0 No Battery - TREDV1
840168720590,Polycarbonate Carry-On Flex No Battery - TREDV1
840168719020,Large 2.0 No Battery - MNVYV1
840168720316,Polycarbonate Bigger Carry-On Flex No Battery - MBLKV1
840168712496,Zip Backpack - MBLUNV3Standard
840168722945,Polyester Pouch Duo - PNKV1Standard
840168722662,Trunk No Battery - SLVV1
810194036040,ALM BCO Battery - ROSEGLDV1
840168720279,Polycarbonate Bigger Carry-On Flex No Battery - LGRNV1
840168718931,Medium 2.0 No Battery - MMBLUV1
810031470471,ALM BCO Battery - ONYXV1
840168720729,Large 2.0 No Battery - CPNKV1
840168720248,Polycarbonate Carry-On Flex No Battery - MMBLUV1
864851000288,PC LRG No Battery - BLKV1
840168719075,Large 2.0 No Battery - LGRNV1
840168714902,PC BCO 2.0 - RSGV1
840168720330,Polycarbonate Bigger Carry-On Flex No Battery - MNVYV1
840168713752,Nylon Everywhere Tote - MBLUV1Standard
810031479238,DIY - Feet Kit - BLKStandardStandard
840168710218,Nylon Shoe Cubes - NVYV1Small
840168720347,Polycarbonate Bigger Carry-On Flex No Battery - GLBNV1
840168709168,PC Flex MED No Battery - BLKV1
840168710614,PC Flex MED No Battery - GRYV1
810031476343,Part - PC Compression Pad - STDStandardCAR
840168719013,Large 2.0 No Battery - MBLKV1
840168723058,Leather Sunglass Case - CUOV1Standard
810194036064,ALM LRG No Battery - ROSEGLDV1
840168720408,Polycarbonate Medium Flex No Battery - MMBLUV1
840168722976,Nylon Double Diaper Tote - OLVGV1Standard
840168722969,Nylon Double Diaper Tote - BLKV1Standard
840168723102,Polyester Hanging Jewelry Organizer - LGRNV1Standard
840168721023,Polyester Featherlight Large Crossbody - BLKV1Large
840168718634,PC Flex BCO No Battery - MTANGV1
840168720361,Polycarbonate Medium Flex No Battery - LGRYV1
840168720415,Polycarbonate Medium Flex No Battery - MNVYV1
840168719099,Large 2.0 No Battery - MTANGV1
840168718733,Carry-On 2.0 No Battery - MMBLUV1
840168720637,Polycarbonate Medium Flex No Battery - TREDV1
840168718870,Bigger Carry-On 2.0 No Battery - LGRNV1
840168720392,Polycarbonate Medium Flex No Battery - MBLKV1
840168722822,Leather Passport Wallet - CUOV1Standard
840168722785,Leather Card Case - BLKV1Standard
840168722914,Leather Card Case - PNKV1Standard
840168700325,Leather Jewelry Box - BLKLV1Standard
840168723508,PC 2.0 Luggage Tag - WHLTSV1Standard
840168723393,Recycled Leather Luggage Tag - NVYAUBV1Standard
840168721467,Softside Luggage Tag - BLKV1Standard
840168716531,PC 2.0 Underside Grab Handle - CAR/BCO - BLKV1CAR/BCO
840168722068,Recycled Leather Luggage Tag - SLTV1Standard
840168722921,Leather Passport Wallet - PNKV1Standard
840168722860,Leather Travel Wallet - CUOV1Standard
840168715688,PC 2.0 Webbing for compression pad - MED - NVYV1MED
840168715909,PC 2.0 Webbing for compression pad - TRUNK - NVYV1TRUNK
840168722839,Leather Passport Wallet - LGRNV1Standard
840168715466,PC 2.0 Webbing for compression pad - CAR - NVYV1CAR
840168720378,Polycarbonate Medium Flex No Battery - OLVGV1
840168721863,Pebbled Leather Card Case - SLTV1Standard
840168723454,Recycled Leather Luggage Tag - BLKASUV1Standard
840168715343,PC 2.0 Luggage Tag - BLKV1Standard
840168722808,Leather Card Case - LGRNV1Standard
840168722792,Leather Card Case - CUOV1Standard
840168723478,Recycled Leather Luggage Tag - BLKUCOLV1Standard
840168721900,Softside 3.0 Padlock - BLKStandard
840168721924,Softside 3.0 Padlock - LGRYStandard
840168722051,Recycled Leather Luggage Tag - OLVGV1Standard
840168723430,Recycled Leather Luggage Tag - SLTUCLAV1Standard
840168723447,Recycled Leather Luggage Tag - TANGCLEMV1Standard
840168722006,Recycled Leather Luggage Tag - CPNKV1Standard
840168721948,Softside 3.0 Padlock - NVYStandard
840168721917,Softside 3.0 Padlock - MBLUStandard
840168721931,Softside 3.0 Padlock - CPNKStandard
840168723423,Recycled Leather Luggage Tag - BLKLSUV1Standard
R-008-COR,R-008-COR - Standard
840168711680,Polyester Outdoor Duffle 55L - CVNV1Standard
840168720354,Polycarbonate Medium Flex No Battery - LGRNV1
840168718856,Bigger Carry-On 2.0 No Battery - GLBNV1
840168722402,Bigger Carry-On 2.0 No Battery - PSWV1
B-142-COR,B-142-COR - Standard
B-134-3PL,B-134-3PL - Standard
B-141-COR,B-141-COR - Standard
B-143-COR,B-143-COR - Standard
B-135-3PL,B-135-3PL - Standard
B-133-3PL,B-133-3PL - Standard
B-140-COR,B-140-COR - Standard
840168720576,Bigger Carry-On 2.0 No Battery - TREDV1
840168720712,Large 2.0 No Battery - TREDV1
840168720699,Medium 2.0 No Battery - TREDV1
850496007560,PC BCO Battery - NVYV2
840168716050,PC 2.0 Compression pad - CAR - NVYV1CAR
840168716272,PC 2.0 Compression pad - LRG - NVYV1LRG
840168721313,Toiletry Bag - LGRNV1Large
840168709939,Zip Backpack - NVY-NYLV2Standard
840168718917,Medium 2.0 No Battery - MBLKV1
840168716517,PC 2.0 Wheels - MED/LRG/TRUNK - BLKV1MED/LRG/TR
840168715947,PC 2.0 Compression pad - BCO - NVYV1BCO
840168716470,PC 2.0 Trolley - MED - BLKV1MED
840168716449,PC 2.0 Lock Black - BLKV1Standard
840168708758,37.5 Knit The Eye Mask - NVYV1Standard
840168715121,Smooth Leather Circle Zip Pouch - MNTV1Standard
840168720309,Polycarbonate Bigger Carry-On Flex No Battery - MTANGV1
840168720606,Polycarbonate Carry-On Flex No Battery - CPNKV1
840168720323,Polycarbonate Bigger Carry-On Flex No Battery - MMBLUV1
840168718757,Carry-On 2.0 No Battery - GLBNV1
840168713776,Leather Legacy Duffle - BLKV1Standard
840168714582,Polyester Outdoor Duffle 40L - YLWV1Standard
810194037153,The Luggage Tag - MBLUV2Standard
840168710003,Nylon Everywhere Bag - MBLUV1Standard
840168721856,Pebbled Leather Card Case - CHOV1Standard
840168714148,PC BCO 2.0 - GLNVYV1
840168716760,PC BCO 2.0 - SYNV1
840168720125,Polyester Outdoor Backpack 25L - GRNV125L
840168721320,Toiletry Bag - LGRYV1Large
840168721245,Toiletry Bag - CPNKV1Large
840168717705,Nylon Cosmetics Bag - BLUV1Standard
840168717620,Nylon Overnight Bag - SLTV1Medium
810194032431,ALM CAR Battery - SLVRV1
840168720200,Polycarbonate Carry-On Flex No Battery - LGRYV1
840168718665,PC Flex CAR No Battery - MTANGV1
840168714971,Polyester Quilted Everywhere Zip Backpack - GRNV1Standard
840168718658,PC Flex CAR No Battery - GLBNV1
840168719037,Large 2.0 No Battery - MMBLUV1
840168709984,Nylon Everywhere Bag - NVY-NYLV1Standard
840168723492,PC 2.0 TSA Puller Kit - Standard
840168720965,Polyester Featherlight Small Backpack - BLKV1Small
840168715114,Smooth Leather Circle Zip Pouch - LILCV1Standard
840168711260,Polyester Outdoor Messenger 16L - NVYV1Standard
840168720453,Polycarbonate Large Flex No Battery - OLVGV1
840168718832,Bigger Carry-On 2.0 No Battery - MMBLUV1
C-049-GFT,C-049-GFT - Standard
C-050-GFT,C-050-GFT - Standard
840168710423,Nylon Weekender - MBLUV1Large
810031470488,ALM MED No Battery - ONYXV1
840168723072,Leather Sunglass Case - PNKV1Standard
840168718740,Carry-On 2.0 No Battery - MOLVGV1
840168718719,Carry-On 2.0 No Battery - MBLKV1
840168714742,Nylon Lightweight Backpack - BLKV1Standard
840168721252,Toiletry Bag - CPNKV1Small
840168713936,Nylon Overnight Bag - OLVGV1Medium
840168705849,Nylon Everywhere Bag - BLKNYLV1Standard
840168713981,Nylon Garment Sleeve - BLKV2Bigger Car
840168720217,Polycarbonate Carry-On Flex No Battery - OLVGV1
840168720293,Polycarbonate Bigger Carry-On Flex No Battery - OLVGV1
840168720583,Bigger Carry-On 2.0 No Battery - CPNKV1
R-009-COR-01-D7,R-009-COR-01-D7 - Standard
810194032462,ALM LRG No Battery - SLVRV1
840168714308,PC MED 2.0 - GLDRKCHRYV1
840168722396,Bigger Carry-On 2.0 No Battery - PLMV1
840168720705,Medium 2.0 No Battery - CPNKV1
840168720439,Polycarbonate Large Flex No Battery - LGRNV1
840168713677,PC Flex DIY Kit Wheels - BLKV1Small
840168716135,PC 2.0 Compression pad - CAR - MBLUV1CAR
840168712458,Zip Backpack - BLKNYLV3Standard
840168718962,Medium 2.0 No Battery - LGRYV1
840168718894,Bigger Carry-On 2.0 No Battery - MTANGV1
810031477623,Toiletry Bag - BLKNYLV1Small
840168723348,Nylon Carry-On Boot Pack - BLKV1Standard
840168723355,Nylon Carry-On Boot Pack - NVYV1Standard
840168723263,Plastic Weekend Duffle - PDRFV1Standard
840168723270,Plastic Poolside Tote - PDRFV1Standard
840168717644,Toiletry Bag - SLTV1Large
840168717651,Toiletry Bag - SLTV1Small
840168723256,Plastic Mini Everywhere Bag - PDRFV1MINI
840168723195,Nylon Packing Cubes Set of 4 - CCBRV1Set of 4
840168720149,Polyester Outdoor Backpack 26L - NVYV126L
840168721306,Nylon Everywhere Bag - LGRYV1Standard
840168710256,Nylon Overnight Bag - NVYV1Medium
840168718771,Carry-On 2.0 No Battery - LGRNV1
810031479603,Kit - Trolley - STDStandardALM - EBCO
840168721757,Trunk No Battery - CHOV1
840168723737,Large 2.0 No Battery - SPBLV1
840168722600,Bigger Carry-On 2.0 No Battery - SLVV1
840168723706,Medium 2.0 No Battery - SPBLV1
840168723850,Polycarbonate Carry-On Flex No Battery - SPBLV1
B-158-COR-01-B4,B-158-COR-01-B4 - Standard
840168723171,A-202-COR - Standard
B-153-COR-01-B4,B-153-COR-01-B4 - Standard
840168723164,A-201-COR - Standard
B-088-COR-01-B4,B-088-COR-01-B4 - Front/Zip/
840168723188,A-203-COR - Standard
A-199-COR,A-199-COR - Standard
A-214-COR-01-B4,Paper- Product Tuck Tag - Standard
840168723157,A-200-COR - Standard
A-191-COR,A-191-COR - Standard
B-146-COR,B-146-COR - Standard
B-154-COR-01-B4,B-154-COR-01-B4 - Standard
840168723768,Trunk No Battery - SPBLV1
810031477647,Toiletry Bag - MBLUNV1Small
A-192-COR,A-192-COR - Standard
A-193-COR,A-193-COR - Standard
A-232-COR-01-B4,A-232-COR-01-B4 - Standard
A-198-COR,A-198-COR - Standard
840168722587,Carry-On 2.0 No Battery - SLVV1
840168722556,Nylon Packing Cubes Set of 4 - ICBV1Set of 4
840168718924,Medium 2.0 No Battery - MNVYV1
840168700158,Hanging Toiletry Bag - BLKNYLV1Standard
840168717699,Nylon Cosmetics Bag - MBLUV1Standard
810031479795,Kit - Handle - BLKStandardPC
840168716708,PC 1.0 Wheel DIY Kit - STDStandardCAR/BCO
840168716715,PC 1.0 Wheel DIY Kit - STDStandardMED/LRG
810031479283,Kit - Lock Replacement - BLKStandardPC
840168713639,PC Flex DIY Kit Trolley System - BLKV1CAR
810031476329,Part - PC Compression Pad - STDStandardBCO
840168718795,Carry-On 2.0 No Battery - MTANGV1
840168720194,Polycarbonate Carry-On Flex No Battery - LGRNV1
840168723676,Bigger Carry-On 2.0 No Battery - SPBLV1
840168723645,Carry-On 2.0 No Battery - SPBLV1
840168720477,Polycarbonate Large Flex No Battery - MBLKV1
810031470365,ALM CAR No Battery - SLVRV1
840168721580,Nylon Commuter Backpack - BLKV1Standard
840168722815,Leather Passport Wallet - BLKV1Standard
840168722167,Polycarbonate Mini Crossbody - SLTV1Standard
858241007759,PC LRG No Battery - PNKV1
810194034015,PC CAR Battery - MBLUV1
840168713790,Nylon Everywhere Bag - OLVGV1Standard
840168718863,Bigger Carry-On 2.0 No Battery - LGRYV1
840168718849,Bigger Carry-On 2.0 No Battery - MOLVGV1
840168723218,Bigger Carry-On 2.0 No Battery - PDWVV1
840168723201,Carry-On 2.0 No Battery - PDWVV1
840168715312,Nylon Small Everywhere Sling - BLKV1Small
840168723225,Medium 2.0 No Battery - PDWVV1
840168723232,Large 2.0 No Battery - PDWVV1
840168720552,Carry-On 2.0 No Battery - CPNKV1
840168721719,Medium 2.0 No Battery - CHOV1
840168723249,Trunk No Battery - PDWVV1
840168718948,Medium 2.0 No Battery - MOLVGV1
840168722631,Large 2.0 No Battery - ICBV1
840168718818,Bigger Carry-On 2.0 No Battery - MBLKV1
840168720491,Polycarbonate Large Flex No Battery - MNVYV1
840168709588,PC LRG No Battery - PUTPNKSNDV1
810194037481,Replacement Battery - STDStandardStandard
840168720286,Polycarbonate Bigger Carry-On Flex No Battery - LGRYV1
840168717842,Nylon Overnight Bag - CPNKV1Medium
840168719068,Large 2.0 No Battery - LGRYV1
840168713226,Smooth Leather Circle Zip Pouch - BLKV1Standard
840168714827,Polyester Quilted Everywhere Bag - BLKV1Standard
840168721092,Polyester Featherlight Large Backpack - ABWNV1Large
840168718979,Medium 2.0 No Battery - LGRNV1
840168723485,Recycled Leather Luggage Tag - NVYUNCV1Standard
840168723409,Recycled Leather Luggage Tag - NVYUCONNV1Standard
810031477579,Toiletry Bag - BLKNYLV1Large
840168720224,Polycarbonate Carry-On Flex No Battery - MTANGV1
840168722594,Bigger Carry-On 2.0 No Battery - ICBV1
840168720262,Polycarbonate Carry-On Flex No Battery - GLBNV1
840168723515,Polyester Outdoor Backpack 26L - MVEV126L
840168721696,Bigger Carry-On 2.0 No Battery - CHOV1
840168722655,Trunk No Battery - ICBV1
840168713363,PC Flex BCO No Battery - SKYV1
840168712700,PC BCO No Battery - PEARL-WHTV1
840168717873,Nylon Weekender - CPNKV1Large
840168720460,Polycarbonate Large Flex No Battery - MTANGV1
840168722747,Polycarbonate Train Case - LGRNV1Standard
840168711192,Polyester Outdoor Tote 45L - BLKV1Standard
840168720668,Polycarbonate Large Flex No Battery - CPNKV1
840168720613,Polycarbonate Bigger Carry-On Flex No Battery - TREDV1
840168720682,Nylon Packing Cubes Set of 4 - TREDV1Set of 4
840168721740,Large 2.0 No Battery - SLTV1
840168722648,Large 2.0 No Battery - SLVV1
840168722389,Carry-On 2.0 No Battery - PSWV1
840168722488,Polycarbonate Carry-On Flex No Battery - PSWV1
840168722426,Medium 2.0 No Battery - PSWV1
840168719044,Large 2.0 No Battery - MOLVGV1
840168714469,PC LRG 2.0 - GLPRFBLUV1
850496007119,PC LRG No Battery - GRYV1
840168709427,Nylon Weekender - NVYV1Large
840168723881,Polycarbonate Large Flex No Battery - SPBLV1
840168720484,Polycarbonate Large Flex No Battery - MMBLUV1
840168723867,Polycarbonate Bigger Carry-On Flex No Battery - SPBLV1
840168723874,Polycarbonate Medium Flex No Battery - SPBLV1
840168720385,Polycarbonate Medium Flex No Battery - MTANGV1
840168720507,Polycarbonate Large Flex No Battery - GLBNV1
840168714575,Polyester Outdoor Duffle 40L - NVYV1Standard
840168711017,Polyester Outdoor Duffle 55L - GRNV1Standard
840168710997,Polyester Outdoor Duffle 55L - BLKV1Standard
840168711000,Polyester Outdoor Duffle 55L - NVYV1Standard
840168710621,PC Flex LRG No Battery - GRYV1
840168711178,Polyester Outdoor Duffle 70L - VBLUV1Standard
840168711154,Polyester Outdoor Duffle 70L - GRNV1Standard
840168711055,Polyester Outdoor Duffle 55L - TRORV1Standard
840168722686,Polycarbonate Train Case - SLVV1Standard
840168720644,Polycarbonate Medium Flex No Battery - CPNKV1
840168718764,Carry-On 2.0 No Battery - LGRYV1
840168723546,Polyester Outdoor Daypack 20L - MVEV120L
840168723553,Polyester Outdoor Hanging Toiletry Bag - BLKV1Standard
840168723577,Polyester Outdoor Hanging Toiletry Bag - GRNV1Standard
840168722730,Polycarbonate Train Case - CPNKV1Standard
810031477593,Toiletry Bag - MBLUNV1Large
840168722020,Recycled Leather Luggage Tag - LGRYV1Standard
840168723539,Polyester Outdoor Daypack 20L - NVYV120L
840168723522,Polyester Outdoor Daypack 20L - BLKV120L
810031470372,ALM BCO No Battery - SLVRV1
840168721597,Nylon Commuter Backpack - MBLUV1Standard
840168713769,Leather Legacy Backpack - BLKV1Standard
840168721825,Pebble Leather and Canvas Transit Backpack - SLTV1Standard
840168712465,Zip Backpack - GRYNYLV3Standard
840168714780,Nylon Protective Packing Cube - BLKV1Standard
840168716319,PC 2.0 Compression pad - LRG - PRFBLUV1LRG
810194033674,Nylon Packing Cubes Set of 4 - SANDV1Set of 4
840168715091,Smooth Leather Circle Zip Pouch - PRFBLUV1Standard
810194033339,PC BCO No Battery - GRYV1
840168722778,Polycarbonate Train Case - TREDV1Standard
840168718825,Bigger Carry-On 2.0 No Battery - MNVYV1
840168710386,PC LRG No Battery - PTLV1
850496007553,PC BCO Battery - BRICKV1
810194035975,PC BCO No Battery - MBLUV1
840168712663,PC BCO No Battery - PEARL-BLUV1
840168711246,Polyester Outdoor Convertible Backpack 45L - GRNV1Standard
810031470457,ALM CAR Battery - ONYXV1
840168723690,Bigger Carry-On 2.0 No Battery - TGRNV1
840168723683,Bigger Carry-On 2.0 No Battery - TPNKV1
840168723614,Nylon Packing Cubes Set of 4 - SPBLV1Set of 4
840168711239,Polyester Outdoor Convertible Backpack 45L - BLKV1Standard
840168723805,Plastic Clear Small Toiletry Case - TPNKV1Small
840168723812,Plastic Clear Small Toiletry Case - TGRNV1Small
840168723799,Plastic Clear Small Toiletry Case - CLRV1Small
810031478934,PC LRG No Battery - SW2TURQV1
840168721221,Hanging Toiletry Bag - CPNKV1Standard
840168720972,Polyester Featherlight Small Backpack - SLTV1Small
840168715671,PC 2.0 Webbing for compression pad - BCO - REDV1BCO
810194033292,PC BCO No Battery - GRNV1
840168704606,PC BCO Battery - PLMV1
840168722501,Polycarbonate Bigger Carry-On Flex No Battery - PSWV1
810194036446,ALM BCO No Battery - ROSEGLDV1
810031473991,Nylon Pet Carrier - BLKNYLV1Standard
840168704316,Front Pocket Backpack - MBLUNV2Standard
840168709144,PC Flex CAR No Battery - BLKV1
840168717675,Nylon Everywhere Tote - BLUV1Standard
840168711734,Nylon The Laptop Case - MBLUV1Standard
810031479375,Kit - Trolley - STDStandardPC - NCAR
810031479399,Kit - Trolley - STDStandardPC - MED
840168716227,PC 2.0 Compression pad - MED - BNEV1MED
840168710232,Nylon Overnight Bag - BLKV1Medium
840168723560,Polyester Outdoor Hanging Toiletry Bag - NVYV1Standard
840168705894,Nylon Weekender - BLKV1Large
840168722761,Polycarbonate Train Case - SLTV1Standard
840168715565,PC 2.0 Webbing for compression pad - CAR - REDV1CAR
840168713646,PC Flex DIY Kit Trolley System - BLKV1LRG
840168713622,PC Flex DIY Kit Trolley System - BLKV1BCO
840168716203,PC 2.0 Compression pad - MED - PRFBLUV1MED
840168722440,Large 2.0 No Battery - PSWV1
840168720101,Polyester Outdoor Backpack 25L - BLKV125L
840168710591,PC Flex CAR No Battery - GRYV1
840168716784,PC CAR 2.0 - MAVV1
840168716876,PC Flex MED No Battery - MAVV1
840168721139,Polyester Featherlight Small Backpack - ABLUV1Small
840168716371,PC 2.0 Compression pad - LRG - REDV1LRG
840168721085,Polyester Featherlight Sling Bag - CPNKV1Standard
840168724048,Polyester Featherlight Sling Bag - MPRPV1Standard
840168724000,Polyester Featherlight Small Crossbody - MPRPV1Small
810031473922,Nylon Packing Cubes - C1YLWV1Set of 4
840168711789,Nylon Medium Outdoor Pouch - CVNV1Medium
840168712106,Nylon Outdoor Organizational Cube Medium - BLKV1Medium
840168724031,Polyester Featherlight Sling Bag - SGRNV1Standard
840168713554,Cotton Organization Pouches - NATYV1Set of 2
840168723973,Polyester Featherlight Super Large Tote - SGRNV1Large
840168711550,Nylon Medium Outdoor Pouch - GRNV1Medium
810031479740,Kit - ALM Wheels - BLKStandard60mm
840168721375,Nylon Courtside Tote - SLTV1Standard
810031477715,Tech Case - BLKNYLV1Standard
840168724024,Polyester Featherlight Large Backpack - MPRPV1Large
840168724017,Polyester Featherlight Large Backpack - SGRNV1Large
840168723980,Polyester Featherlight Super Large Tote - MPRPV1Large
840168710416,Nylon Packing Cubes Set of 4 - PTLV1Set of 4
840168711116,Polyester Outdoor Backpack 26L - GRNV1Standard
810031479306,Kit - Lock Replacement - BLKStandardALM
840168715572,PC 2.0 Webbing for compression pad - BCO - NVYV1BCO
840168715749,PC 2.0 Webbing for compression pad - MED - BNEV1MED
840168709342,Nylon Shoe Cubes - PURPGEOV1Large
840168722938,Leather Travel Wallet - PNKV1Standard
840168722891,Polyester Pouch Duo - CUOV1Standard
840168710492,Nylon Packing Cubes Set of 6 - PTLV1Set of 6
840168722563,Nylon Packing Cubes Set of 4 - SLVV1Set of 4
840168720675,Nylon Packing Cubes Set of 4 - CPNKV1Set of 4
840168714797,Nylon Lightweight Tote - BLKV1Standard
840168709540,Nylon The XL Organizational Pouch - PTLNYLV1Standard
840168723997,Polyester Featherlight Small Crossbody - SGRNV1Small
840168720927,Polyester Featherlight Sling Bag - SLTV1Standard
840168721078,Polyester Featherlight Sling Bag - ABLUV1Standard
840168720569,Nylon Packing Cubes Set of 4 - TANGV1Set of 4
840168716845,PC LRG 2.0 - MAVV1
840168711062,Polyester Outdoor Duffle 40L - BLKV1Standard
810194037344,Nylon Packing Cubes Set of 4 - MBLUV1Set of 4
840168709274,Nonwoven The Face Mask Filter - LGXLV1Standard
840168715657,PC 2.0 Webbing for compression pad - BCO - MBLUV1BCO
840168716265,PC 2.0 Compression pad - MED - REDV1MED
840168716111,PC 2.0 Compression pad - CAR - BNEV1CAR
840168716302,PC 2.0 Compression pad - LRG - OLVGV1LRG
840168716104,PC 2.0 Compression pad - CAR - DRKCHRYV1CAR
840168711048,Polyester Outdoor Duffle 55L - CLYV1Standard
840168716555,PC 2.0 Base Reinforcement - MED Front Shell - BLKV1MED
840168716258,PC 2.0 Compression pad - MED - MNTV1MED
840168716098,PC 2.0 Compression pad - CAR - PRFBLUV1CAR
840168716333,PC 2.0 Compression pad - LRG - BNEV1LRG
840168716296,PC 2.0 Compression pad - LRG - LILCV1LRG
840168716159,PC 2.0 Compression pad - CAR - REDV1CAR
840168712427,Nylon The Small Tech Case - BLKNYLV1Small
840168722853,Leather Travel Wallet - BLKV1Standard
840168720941,Polyester Featherlight Large Backpack - BLKV1Large
840168713738,Polyester Outdoor Convertible Backpack 25L - GRNV125L
840168722877,Leather Travel Wallet - LGRNV1Standard
840168700172,Hanging Toiletry Bag - MBLUNV1Standard
840168716593,PC 2.0 Base Reinforcement - LRG Back Shell - BLKV1LRG
840168712434,Nylon The Small Tech Case - MBLUNV1Small
840168722570,Carry-On 2.0 No Battery - ICBV1
840168721108,Polyester Featherlight Large Backpack - ABLUV1Large
840168711598,Nylon Large Outdoor Pouch - BLKV1Large
840168712069,Nylon Outdoor Organizational Cube Small - BLKV1Small
840168722884,Polyester Pouch Duo - BLKV1Standard
840168721115,Polyester Featherlight Large Backpack - CPNKV1Large
840168714735,Nylon Lightweight Backpack - PRFBLUV1Standard
810194033636,Nylon Packing Cubes Set of 4 - NVYV1Set of 4
840168723461,Recycled Leather Luggage Tag - NVYAZV1Standard
840168717569,Nylon Packing Cubes Set of 4 - SLTV1Set of 4
840168711741,Nylon The Laptop Case - BLKV1Standard
840168723362,Recycled Leather Luggage Tag - LGRYBAMAV1Standard
840168721009,Polyester Featherlight Small Crossbody - BLKV1Small
840168722037,Recycled Leather Luggage Tag - MBLUV1Standard
840168713233,Smooth Leather Circle Zip Pouch - MBLUV1Standard
840168711451,Nylon Small Outdoor Pouch - BLKV1Small
840168715800,PC 2.0 Webbing for compression pad - LRG - TANGV1LRG
840168721283,Hanging Toiletry Case TPU Pouch - Standard
810031470464,ALM BCO No Battery - ONYXV1
810194034046,PC LRG No Battery - MBLUV1
840168713912,Toiletry Bag - OLVGV1Large
865924000273,PC MED No Battery - BRICKV1
840168716524,PC 2.0 Feet - BLKV1Standard
840168716500,PC 2.0 Wheels - CAR/BCO - BLKV1CAR/BCO
840168716357,PC 2.0 Compression pad - LRG - MBLUV1LRG
840168716326,PC 2.0 Compression pad - LRG - DRKCHRYV1LRG
840168721429,Cotton Weekender - NATV1Large
840168715862,PC 2.0 Webbing for compression pad - LRG - BLKV1LRG
840168715541,PC 2.0 Webbing for compression pad - CAR - MBLUV1CAR
840168715879,PC 2.0 Webbing for compression pad - LRG - MBLUV1LRG
840168715558,PC 2.0 Webbing for compression pad - CAR - MNTV1CAR
840168715794,PC 2.0 Webbing for compression pad - LRG - NVYV1LRG
840168715923,PC 2.0 Webbing for compression pad - TRUNK - MNTV1TRUNK
840168715886,PC 2.0 Webbing for compression pad - LRG - MNTV1LRG
840168715916,PC 2.0 Webbing for compression pad - TRUNK - BLKV1TRUNK
840168716579,PC 2.0 Base Reinforcement - TRUNK Front Shell - BLKV1TRUNK
840168715893,PC 2.0 Webbing for compression pad - LRG - REDV1LRG
840168713660,PC Flex DIY Kit Wheels - BLKV1Large
840168714896,Polyester Quilted Everywhere Crossbody - DGRNV1Standard
840168712403,Nylon The Medium Organizational Pouch - PTLNYLV1Medium
840168713813,Hanging Toiletry Bag - NVYV1Standard
840168711079,Polyester Outdoor Duffle 40L - GRNV1Standard
840168714407,PC LRG 2.0 - MNVYV1
840168715220,Polyester Crescent Sling Bag - BLKV1Standard
840168716395,PC 2.0 Compression pad - TRUNK - BLKV1TRUNK
840168721801,Pebble Leather and Canvas Large Toiletry Bag - SLTV1Large
840168716609,PC 2.0 Base Reinforcement - TRUNK Back Shell - BLKV1TRUNK
840168716586,PC 2.0 Base Reinforcement - MED Back Shell - BLKV1MED
864851000295,PC LRG No Battery - NVYV1
840168719730,PC Flex CAR No Battery - LGRYV1
840168709199,PC Flex LRG No Battery - MBLUV1
840168719846,PC Flex LRG No Battery - LGRNV1
840168721726,Medium 2.0 No Battery - SLTV1
840168715831,PC 2.0 Webbing for compression pad - LRG - PRFBLUV1LRG
840168713943,Toiletry Bag - NVYV1Small
810194032455,ALM MED No Battery - SLVRV1
864851000264,PC MED No Battery - GRNV1
840168719778,PC Flex BCO No Battery - LGRYV1
840168718689,PC Flex MED No Battery - GLBNV1
810194033278,PC BCO No Battery - BLKV1
810194036033,ALM CAR Battery - ROSEGLDV1
840168710348,PC Flex MED No Battery - PUTPNKV1
810031479634,Kit - Trolley - SLVRStandardALM - MED
840168723140,Changing Pad - Diaper Bag - Standard
840168714049,PC CAR 2.0 - GLNVYV1
840168714094,PC CAR 2.0 - GLPRFBLUV1
840168716777,PC MED 2.0 - SYNV1
840168709212,PC Flex LRG No Battery - PUTPNKV1
810194034022,PC BCO Battery - MBLUV1
840168708352,Coolmax Polyester / Cotton Yarn Compression Socks - UNVYMV1Standard
865924000204,PC LRG No Battery - GRNV1
840168718672,PC Flex MED No Battery - MTANGV1
810194037382,PC FP CAR No Battery - BLKV2
840168704309,Front Pocket Backpack - NVY-NYLV2Standard
810031479597,Kit - Trolley - SLVRStandardALM - ECAR
840168717767,PC Flex CAR No Battery - OLVGV1
840168723744,Large 2.0 No Battery - HPNKV1
840168716142,PC 2.0 Compression pad - CAR - MNTV1CAR
840168716418,PC 2.0 Compression pad - TRUNK - OLVGV1TRUNK
840168723782,Trunk No Battery - PGRNV1
840168723751,Large 2.0 No Battery - PGRNV1
840168723713,Medium 2.0 No Battery - HPNKV1
840168723669,Carry-On 2.0 No Battery - TGRNV1
840168710317,PC Flex CAR No Battery - MBLUV1
840168721672,Carry-On 2.0 No Battery - CHOV1
840168722174,Polycarbonate Mini Crossbody - TANGV1Standard
840168716081,PC 2.0 Compression pad - CAR - OLVGV1CAR
840168716548,PC 2.0 Underside Grab Handle - MED/LRG/TRUNK - BLKV1MED/LRG/TR
840168714957,PC MED 2.0 - RSGV1
810194033971,Nylon Packing Cubes Set of 4 - BLKV1Set of 4
840168723775,Trunk No Battery - HPNKV1
840168721702,Bigger Carry-On 2.0 No Battery - SLTV1
840168721368,Nylon Courtside Everywhere Zip Backpack - NVYV1Standard
840168721603,Nylon Commuter Backpack - NVYV1Standard
840168723720,Medium 2.0 No Battery - PGRNV1
840168721795,Pebble Leather and Canvas Large Toiletry Bag - CHOV1Large
840168723843,Polycarbonate Mini Crossbody - TGRNV1Standard
840168723829,Polycarbonate Mini Crossbody - CLRV1Standard
840168723836,Polycarbonate Mini Crossbody - TPNKV1Standard
810194036057,ALM MED No Battery - ROSEGLDV1
840168723652,Carry-On 2.0 No Battery - TPNKV1
840168724062,PC 2.0 Luggage Tag - TPNKV1Standard
840168724055,PC 2.0 Luggage Tag - TGRNV1Standard
810031477197,Part - Laundry Bag - STDStandardALM - ECAR
840168716197,PC 2.0 Compression pad - MED - OLVGV1MED
840168716241,PC 2.0 Compression pad - MED - MBLUV1MED
840168716289,PC 2.0 Compression pad - LRG - TANGV1LRG
840168716364,PC 2.0 Compression pad - LRG - MNTV1LRG
840168716401,PC 2.0 Compression pad - TRUNK - MNTV1TRUNK
810194033285,PC BCO No Battery - NVYV1
840168721566,Nylon Everywhere Tote - LGRYV1Standard
840168721061,Polyester Featherlight Sling Bag - ABWNV1Standard
840168709120,PC Flex MED No Battery - NVYV1
840168720620,Polycarbonate Bigger Carry-On Flex No Battery - CPNKV1
840168710485,Nylon Everywhere Bag - GRN-NYLV1Standard
840168721238,Nylon Everywhere Bag - CPNKV1Standard
864851000219,PC CAR Battery - NVYV1
864851000257,PC MED No Battery - NVYV1
840168723638,Nylon Packing Cubes Set of 4 - PGRNV1Set of 4
840168723621,Nylon Packing Cubes Set of 4 - HPNKV1Set of 4
840168722495,Polycarbonate Bigger Carry-On Flex No Battery - PLMV1
840168723942,Polyester Featherlight Cargo Pack - ABWNV1Standard
840168714933,PC BCO 2.0 - LNDV1
840168723959,Polyester Featherlight Cargo Pack - SGRNV1Standard
840168723966,Polyester Featherlight Cargo Pack - MPRPV1Standard
840168723935,Polyester Featherlight Cargo Pack - BLKV1Standard
840168723904,Polyester Featherlight Weekender - ABWNV1Standard
840168711147,Polyester Outdoor Duffle 70L - BLKV1Standard
840168723911,Polyester Featherlight Weekender - SGRNV1Standard
840168723928,Polyester Featherlight Weekender - MPRPV1Standard
840168723898,Polyester Featherlight Weekender - BLKV1Standard
D-060-COR-01-A7,D-060-COR-01-A7 - Standard
D-034-COR-02-A7,D-034-COR-02-A7 - Standard
B-144-COR,B-144-COR - Standard
A-147-COR-01-B4,A-147-COR-01-B4 - CAR
R-008-COR-02-B4,R-008-COR-02-B4 - Standard
B-134-3PL-01-D6,B-134-3PL-01-D6 - Standard
B-152-3PL,B-152-3PL - Standard
B-135-3PL-01-D6,B-135-3PL-01-D6 - Standard
A-225-3PL,A-225-3PL - Standard
R-001-COR-01-D7,R-001-COR-01-D7 - Standard
R-008-COR-01-D7,R-008-COR-01-D7 - Standard
M-193-3PL-01-D5,"Printed Kraft Mailer- 15"" x 11"" Hexelope - Standard"
840168709021,Recyctex Packable Carryall - RORV1Standard
